t_ms,io_size,io_lastwrite_utc,hw_size,hw_lastwrite_utc,hw_first64_hex
252,15,2026-10-02T11:39:37.9883074Z,0,,
503,15,2026-10-02T11:39:37.9883074Z,0,,
754,15,2026-10-02T11:39:37.9883074Z,0,,
1006,15,2026-10-02T11:39:37.9883074Z,0,,
1257,15,2026-10-02T11:39:37.9883074Z,0,,
1509,15,2026-10-02T11:39:37.9883074Z,0,,
1760,15,2026-10-02T11:39:37.9883074Z,0,,
2013,15,2026-10-02T11:39:37.9883074Z,0,,
2264,15,2026-10-02T11:39:37.9883074Z,0,,
2515,15,2026-10-02T11:39:37.9883074Z,0,,
2767,15,2026-10-02T11:39:37.9883074Z,0,,
3019,15,2026-10-02T11:39:37.9883074Z,0,,
3272,15,2026-10-02T11:39:37.9883074Z,0,,
3523,15,2026-10-02T11:39:37.9883074Z,0,,
3775,15,2026-10-02T11:39:37.9883074Z,0,,
4027,15,2026-10-02T11:39:37.9883074Z,0,,
4278,15,2026-10-02T11:39:37.9883074Z,0,,
4529,15,2026-10-02T11:39:37.9883074Z,0,,
4781,15,2026-10-02T11:39:37.9883074Z,0,,
5032,15,2026-10-02T11:39:37.9883074Z,0,,
5284,15,2026-10-02T11:39:37.9883074Z,0,,
5536,15,2026-10-02T11:39:37.9883074Z,0,,
5787,15,2026-10-02T11:39:37.9883074Z,0,,
6039,15,2026-10-02T11:39:37.9883074Z,0,,
6290,15,2026-10-02T11:39:37.9883074Z,0,,
6541,15,2026-10-02T11:39:37.9883074Z,0,,
6793,15,2026-10-02T11:39:37.9883074Z,0,,
7044,15,2026-10-02T11:39:37.9883074Z,0,,
7296,15,2026-10-02T11:39:37.9883074Z,0,,
7547,15,2026-10-02T11:39:37.9883074Z,0,,
7799,15,2026-10-02T11:39:37.9883074Z,0,,
8051,15,2026-10-02T11:39:37.9883074Z,0,,
8316,15,2026-10-02T11:39:37.9883074Z,0,,
8582,15,2026-10-02T11:39:37.9883074Z,0,,
8837,15,2026-10-02T11:39:37.9883074Z,0,,
9091,15,2026-10-02T11:39:37.9883074Z,0,,
9342,15,2026-10-02T11:39:37.9883074Z,0,,
9594,15,2026-10-02T11:39:37.9883074Z,0,,
9846,15,2026-10-02T11:39:37.9883074Z,0,,
10098,15,2026-10-02T11:39:37.9883074Z,0,,
10350,15,2026-10-02T11:39:37.9883074Z,0,,
10602,15,2026-10-02T11:39:37.9883074Z,0,,
10853,15,2026-10-02T11:39:37.9883074Z,0,,
11104,15,2026-10-02T11:39:37.9883074Z,0,,
11356,15,2026-10-02T11:39:37.9883074Z,0,,
11607,15,2026-10-02T11:39:37.9883074Z,0,,
11858,15,2026-10-02T11:39:37.9883074Z,0,,
12109,15,2026-10-02T11:39:37.9883074Z,0,,
12361,15,2026-10-02T11:39:37.9883074Z,0,,
12612,15,2026-10-02T11:39:37.9883074Z,0,,
12863,15,2026-10-02T11:39:37.9883074Z,0,,
13115,15,2026-10-02T11:39:37.9883074Z,0,,
13366,15,2026-10-02T11:39:37.9883074Z,0,,
13618,15,2026-10-02T11:39:37.9883074Z,0,,
13869,15,2026-10-02T11:39:37.9883074Z,0,,
14121,15,2026-10-02T11:39:37.9883074Z,0,,
14373,15,2026-10-02T11:39:37.9883074Z,0,,
14624,15,2026-10-02T11:39:37.9883074Z,0,,
14876,15,2026-10-02T11:39:37.9883074Z,0,,
15127,15,2026-10-02T11:39:37.9883074Z,0,,
15378,15,2026-10-02T11:39:37.9883074Z,0,,
15630,15,2026-10-02T11:39:37.9883074Z,0,,
15882,15,2026-10-02T11:39:37.9883074Z,0,,
16133,15,2026-10-02T11:39:37.9883074Z,0,,
16385,15,2026-10-02T11:39:37.9883074Z,0,,
16636,15,2026-10-02T11:39:37.9883074Z,0,,
16888,15,2026-10-02T11:39:37.9883074Z,0,,
17139,15,2026-10-02T11:39:37.9883074Z,0,,
17391,15,2026-10-02T11:39:37.9883074Z,0,,
17643,15,2026-10-02T11:39:37.9883074Z,0,,
17894,15,2026-10-02T11:39:37.9883074Z,0,,
18146,15,2026-10-02T11:39:37.9883074Z,0,,
18399,15,2026-10-02T11:39:37.9883074Z,0,,
18651,15,2026-10-02T11:39:37.9883074Z,0,,
18902,15,2026-10-02T11:39:37.9883074Z,0,,
19153,15,2026-10-02T11:39:37.9883074Z,0,,
19404,15,2026-10-02T11:39:37.9883074Z,0,,
19655,15,2026-10-02T11:39:37.9883074Z,0,,
19906,15,2026-10-02T11:39:37.9883074Z,0,,
20158,15,2026-10-02T11:39:37.9883074Z,0,,
20409,15,2026-10-02T11:39:37.9883074Z,0,,
20661,15,2026-10-02T11:39:37.9883074Z,0,,
20912,15,2026-10-02T11:39:37.9883074Z,0,,
21163,15,2026-10-02T11:39:37.9883074Z,0,,
21415,15,2026-10-02T11:39:37.9883074Z,0,,
21667,15,2026-10-02T11:39:37.9883074Z,0,,
21919,15,2026-10-02T11:39:37.9883074Z,0,,
22170,15,2026-10-02T11:39:37.9883074Z,0,,
22421,15,2026-10-02T11:39:37.9883074Z,0,,
22672,15,2026-10-02T11:39:37.9883074Z,0,,
22924,15,2026-10-02T11:39:37.9883074Z,0,,
23176,15,2026-10-02T11:39:37.9883074Z,0,,
23428,15,2026-10-02T11:39:37.9883074Z,0,,
23680,15,2026-10-02T11:39:37.9883074Z,0,,
23931,15,2026-10-02T11:39:37.9883074Z,0,,
24182,15,2026-10-02T11:39:37.9883074Z,0,,
24433,15,2026-10-02T11:39:37.9883074Z,0,,
24684,15,2026-10-02T11:39:37.9883074Z,0,,
24936,15,2026-10-02T11:39:37.9883074Z,0,,
25188,15,2026-10-02T11:39:37.9883074Z,0,,
25439,15,2026-10-02T11:39:37.9883074Z,0,,
25690,15,2026-10-02T11:39:37.9883074Z,0,,
25942,15,2026-10-02T11:39:37.9883074Z,0,,
26193,15,2026-10-02T11:39:37.9883074Z,0,,
26445,15,2026-10-02T11:39:37.9883074Z,0,,
26696,15,2026-10-02T11:39:37.9883074Z,0,,
26948,15,2026-10-02T11:39:37.9883074Z,0,,
27200,15,2026-10-02T11:39:37.9883074Z,0,,
27451,15,2026-10-02T11:39:37.9883074Z,0,,
27703,15,2026-10-02T11:39:37.9883074Z,0,,
27954,15,2026-10-02T11:39:37.9883074Z,0,,
28206,15,2026-10-02T11:39:37.9883074Z,0,,
28458,15,2026-10-02T11:39:37.9883074Z,0,,
28710,15,2026-10-02T11:39:37.9883074Z,0,,
28962,15,2026-10-02T11:39:37.9883074Z,0,,
29214,15,2026-10-02T11:39:37.9883074Z,0,,
29465,15,2026-10-02T11:39:37.9883074Z,0,,
29717,15,2026-10-02T11:39:37.9883074Z,0,,
29968,15,2026-10-02T11:39:37.9883074Z,0,,
30219,15,2026-10-02T11:39:37.9883074Z,0,,
30470,15,2026-10-02T11:39:37.9883074Z,0,,
30722,15,2026-10-02T11:39:37.9883074Z,0,,
30974,15,2026-10-02T11:39:37.9883074Z,0,,
31226,15,2026-10-02T11:39:37.9883074Z,0,,
31477,15,2026-10-02T11:39:37.9883074Z,0,,
31728,15,2026-10-02T11:39:37.9883074Z,0,,
31980,15,2026-10-02T11:39:37.9883074Z,0,,
32231,15,2026-10-02T11:39:37.9883074Z,0,,
32483,15,2026-10-02T11:39:37.9883074Z,0,,
32736,15,2026-10-02T11:39:37.9883074Z,0,,
32987,15,2026-10-02T11:39:37.9883074Z,0,,
33239,15,2026-10-02T11:39:37.9883074Z,0,,
33490,15,2026-10-02T11:39:37.9883074Z,0,,
33741,15,2026-10-02T11:39:37.9883074Z,0,,
33992,15,2026-10-02T11:39:37.9883074Z,0,,
34243,15,2026-10-02T11:39:37.9883074Z,0,,
34494,15,2026-10-02T11:39:37.9883074Z,0,,
34746,15,2026-10-02T11:39:37.9883074Z,0,,
34998,15,2026-10-02T11:39:37.9883074Z,0,,
35250,15,2026-10-02T11:39:37.9883074Z,0,,
35510,15,2026-10-02T11:39:37.9883074Z,0,,
35765,15,2026-10-02T11:39:37.9883074Z,0,,
36024,15,2026-10-02T11:39:37.9883074Z,0,,
36286,15,2026-10-02T11:39:37.9883074Z,0,,
36537,15,2026-10-02T11:39:37.9883074Z,0,,
36802,15,2026-10-02T11:39:37.9883074Z,0,,
37059,15,2026-10-02T11:39:37.9883074Z,0,,
37318,15,2026-10-02T11:39:37.9883074Z,0,,
37572,15,2026-10-02T11:39:37.9883074Z,0,,
37826,15,2026-10-02T11:39:37.9883074Z,0,,
38078,15,2026-10-02T11:39:37.9883074Z,0,,
38341,15,2026-10-02T11:39:37.9883074Z,0,,
38606,15,2026-10-02T11:39:37.9883074Z,0,,
38858,15,2026-10-02T11:39:37.9883074Z,0,,
39122,15,2026-10-02T11:39:37.9883074Z,0,,
39390,15,2026-10-02T11:39:37.9883074Z,0,,
39652,15,2026-10-02T11:39:37.9883074Z,0,,
39910,15,2026-10-02T11:39:37.9883074Z,0,,
40168,15,2026-10-02T11:39:37.9883074Z,0,,
40421,15,2026-10-02T11:39:37.9883074Z,0,,
40674,15,2026-10-02T11:39:37.9883074Z,0,,
40927,15,2026-10-02T11:39:37.9883074Z,0,,
41180,15,2026-10-02T11:39:37.9883074Z,0,,
41435,15,2026-10-02T11:39:37.9883074Z,0,,
41689,15,2026-10-02T11:39:37.9883074Z,0,,
41944,15,2026-10-02T11:39:37.9883074Z,0,,
42199,15,2026-10-02T11:39:37.9883074Z,0,,
42454,15,2026-10-02T11:39:37.9883074Z,0,,
42708,15,2026-10-02T11:39:37.9883074Z,0,,
42963,15,2026-10-02T11:39:37.9883074Z,0,,
43218,15,2026-10-02T11:39:37.9883074Z,0,,
43472,15,2026-10-02T11:39:37.9883074Z,0,,
43726,15,2026-10-02T11:39:37.9883074Z,0,,
43980,15,2026-10-02T11:39:37.9883074Z,0,,
44234,15,2026-10-02T11:39:37.9883074Z,0,,
44489,15,2026-10-02T11:39:37.9883074Z,0,,
44742,15,2026-10-02T11:39:37.9883074Z,0,,
44995,15,2026-10-02T11:39:37.9883074Z,0,,
45250,15,2026-10-02T11:39:37.9883074Z,0,,
45506,15,2026-10-02T11:39:37.9883074Z,0,,
45761,15,2026-10-02T11:39:37.9883074Z,0,,
46014,15,2026-10-02T11:39:37.9883074Z,0,,
46267,15,2026-10-02T11:39:37.9883074Z,0,,
46522,15,2026-10-02T11:39:37.9883074Z,0,,
46789,15,2026-10-02T11:39:37.9883074Z,0,,
47046,15,2026-10-02T11:39:37.9883074Z,0,,
47302,15,2026-10-02T11:39:37.9883074Z,0,,
47556,15,2026-10-02T11:39:37.9883074Z,0,,
47815,15,2026-10-02T11:39:37.9883074Z,0,,
48070,15,2026-10-02T11:39:37.9883074Z,0,,
48321,15,2026-10-02T11:39:37.9883074Z,0,,
48576,15,2026-10-02T11:39:37.9883074Z,0,,
48831,15,2026-10-02T11:39:37.9883074Z,0,,
49082,15,2026-10-02T11:39:37.9883074Z,0,,
49344,15,2026-10-02T11:39:37.9883074Z,0,,
49595,15,2026-10-02T11:39:37.9883074Z,0,,
49847,15,2026-10-02T11:39:37.9883074Z,0,,
50112,15,2026-10-02T11:39:37.9883074Z,0,,
50363,15,2026-10-02T11:39:37.9883074Z,0,,
50614,15,2026-10-02T11:39:37.9883074Z,0,,
50879,15,2026-10-02T11:39:37.9883074Z,0,,
51144,15,2026-10-02T11:39:37.9883074Z,0,,
51395,15,2026-10-02T11:39:37.9883074Z,0,,
51647,15,2026-10-02T11:39:37.9883074Z,0,,
51907,15,2026-10-02T11:39:37.9883074Z,0,,
52171,15,2026-10-02T11:39:37.9883074Z,0,,
52425,15,2026-10-02T11:39:37.9883074Z,0,,
52688,15,2026-10-02T11:39:37.9883074Z,0,,
52942,15,2026-10-02T11:39:37.9883074Z,0,,
53206,15,2026-10-02T11:39:37.9883074Z,0,,
53461,15,2026-10-02T11:39:37.9883074Z,0,,
53722,15,2026-10-02T11:39:37.9883074Z,0,,
53976,15,2026-10-02T11:39:37.9883074Z,0,,
54238,15,2026-10-02T11:39:37.9883074Z,0,,
54493,15,2026-10-02T11:39:37.9883074Z,0,,
54757,15,2026-10-02T11:39:37.9883074Z,0,,
55011,15,2026-10-02T11:39:37.9883074Z,0,,
55272,15,2026-10-02T11:39:37.9883074Z,0,,
55526,15,2026-10-02T11:39:37.9883074Z,0,,
55790,15,2026-10-02T11:39:37.9883074Z,0,,
56043,15,2026-10-02T11:39:37.9883074Z,0,,
56305,15,2026-10-02T11:39:37.9883074Z,0,,
56560,15,2026-10-02T11:39:37.9883074Z,0,,
56822,15,2026-10-02T11:39:37.9883074Z,0,,
57073,15,2026-10-02T11:39:37.9883074Z,0,,
57325,15,2026-10-02T11:39:37.9883074Z,0,,
57576,15,2026-10-02T11:39:37.9883074Z,0,,
57828,15,2026-10-02T11:39:37.9883074Z,0,,
58079,15,2026-10-02T11:39:37.9883074Z,0,,
58330,15,2026-10-02T11:39:37.9883074Z,0,,
58581,15,2026-10-02T11:39:37.9883074Z,0,,
58832,15,2026-10-02T11:39:37.9883074Z,0,,
59084,15,2026-10-02T11:39:37.9883074Z,0,,
59335,15,2026-10-02T11:39:37.9883074Z,0,,
59587,15,2026-10-02T11:39:37.9883074Z,0,,
59839,15,2026-10-02T11:39:37.9883074Z,0,,
60091,15,2026-10-02T11:39:37.9883074Z,0,,
60343,15,2026-10-02T11:39:37.9883074Z,0,,
